공연시간,금액명시비율,예약율,knn_n_neighbors,knn_mse,kmeans_군집수,kmeans_실루엣,평균가격,최소가격,최대가격,등급별가격비율,등급별가격,등급별좌석수,등급별예매율
2018-11-25 17:00:00,0.026,0.62,2,312588971.41364706,4,0.8897348365829592,63936.13,0,100000,"[nan, inf, inf, inf]","[0, 47381, 69139, 99632]","[274, 928, 447, 856]","[0.0, 0.4224, 0.7159, 0.9836]"
2018-12-08 17:00:00,0.021,0.862,2,50225818.67021601,5,0.912027605199547,52790.42,0,100000,"[nan, inf, inf, inf, inf]","[0, 30398, 49865, 72089, 100000]","[274, 565, 852, 316, 498]","[0.0, 0.9522, 0.9636, 0.9937, 0.9759]"
2019-01-11 20:00:00,0.386,0.636,6,246925286.1104653,3,0.8387699481474988,98017.96,15000,140000,"[1.0, 1.58, 2.18]","[63445, 100516, 138143]","[926, 833, 746]","[0.5108, 0.6158, 0.8123]"
2019-02-05 20:00:00,0.023,0.858,1,307000000.00000006,4,0.8050597987465434,71121.76,0,150000,"[1.0, 2.66, 4.62, 6.93]","[21651, 57584, 100000, 150000]","[751, 778, 586, 390]","[0.6045, 0.9576, 0.9573, 1.0]"
2019-02-16 17:00:00,0.157,0.476,12,28242751.015301663,4,0.7070444346938096,25894.21,0,50000,"[1.0, 2.93, 4.9, 7.05]","[6961, 20391, 34085, 49077]","[714, 742, 448, 601]","[0.3711, 0.4946, 0.5469, 0.5241]"
2019-02-23 17:00:00,0.062,0.543,1,42791666.66666667,4,0.8901772475899634,37365.27,0,70000,"[nan, inf, inf, inf]","[0, 26068, 50000, 70000]","[274, 1152, 598, 481]","[0.0, 0.3681, 0.8278, 0.9189]"
2019-03-09 17:00:00,0.394,0.742,6,158667869.48811704,4,0.8615543925459102,67377.25,5000,110000,"[1.0, 1.69, 2.63, 3.55]","[30524, 51687, 80229, 108421]","[668, 581, 632, 624]","[0.6452, 0.7194, 0.818, 0.7885]"
2019-03-14 20:00:00,0.688,0.695,18,894424324.5544968,4,0.9090288426727743,160025.95,25000,260000,"[1.0, 1.86, 2.52, 4.28]","[60008, 111616, 151267, 256639]","[605, 430, 576, 894]","[0.8959, 0.693, 0.6997, 0.557]"
2019-05-03 20:00:00,0.171,0.18,11,99405767.38388894,4,0.7284922998673594,65950.1,30000,100000,"[1.0, 1.77, 2.51, 3.01]","[32972, 58274, 82840, 99253]","[811, 559, 412, 723]","[0.2121, 0.1646, 0.1481, 0.1743]"
2019-05-08 20:00:00,0.29,0.499,11,52376119.04676669,3,0.7737435567845736,82902.2,0,110000,"[1.0, 13.68, 21.85]","[4745, 64883, 103684]","[274, 643, 1588]","[0.1569, 0.3841, 0.6045]"
2019-05-14 20:00:00,0.399,0.406,1,341493133.5830212,4,0.9780350050406288,131241.52,50000,180000,"[1.0, 1.84, 2.57, 3.31]","[54453, 100000, 140000, 180000]","[494, 358, 787, 866]","[0.3968, 0.5028, 0.4574, 0.3233]"
2019-05-19 17:00:00,0.675,0.764,7,57343333.962655626,4,0.9660758847038896,82948.1,30000,120000,"[1.0, 1.4, 1.8, 2.38]","[50062, 70215, 90141, 119278]","[641, 466, 816, 582]","[0.8409, 0.7382, 0.7255, 0.7526]"
2019-06-04 20:00:00,0.008,0.706,3,47470940.56347362,3,0.8647892539769821,24343.31,0,50000,"[nan, inf, inf]","[0, 24117, 49470]","[274, 1948, 283]","[0.0, 0.7623, 1.0]"
2019-06-12 20:00:00,0.026,0.981,1,71428571.42857143,3,1.0,70079.84,0,100000,"[nan, inf, inf]","[0, 50000, 100000]","[274, 951, 1280]","[1.0, 0.9685, 0.9859]"
2019-06-21 20:00:00,0.126,0.138,10,177802410.96562257,4,0.7102204270134852,62928.14,0,100000,"[nan, inf, inf, inf]","[0, 41881, 74808, 98626]","[274, 771, 783, 677]","[0.0, 0.1803, 0.0958, 0.195]"
2019-07-02 20:00:00,0.579,0.785,4,262850802.33949623,4,0.8865741583896197,181023.95,60000,250000,"[1.0, 1.91, 2.55, 3.16]","[78639, 150491, 200600, 248468]","[573, 438, 600, 894]","[0.7609, 0.8356, 0.745, 0.8031]"
2019-07-04 20:00:00,0.399,0.401,12,172521380.5690348,4,0.7952345929967904,97708.58,50000,150000,"[1.0, 1.64, 2.27, 2.87]","[51586, 84817, 117110, 148308]","[580, 845, 545, 535]","[0.4259, 0.316, 0.2514, 0.6598]"
2019-07-09 20:00:00,0.134,0.583,16,234681070.15251297,3,0.6964660552533737,61273.45,0,120000,"[1.0, 3.45, 6.33]","[17669, 60964, 111813]","[944, 742, 819]","[0.447, 0.5755, 0.7473]"
2019-07-13 17:00:00,0.718,0.725,10,308657570.221524,4,0.912674418429163,132003.99,30000,200000,"[1.0, 1.53, 2.35, 3.3]","[59900, 91790, 140677, 197931]","[603, 433, 628, 841]","[0.9121, 0.7529, 0.6449, 0.6361]"
2019-07-19 20:00:00,0.062,0.669,1,1085125000.0,4,0.7771969448746764,62493.01,0,150000,"[1.0, 3.49, 6.39, 9.59]","[15644, 54643, 100000, 150000]","[901, 840, 361, 403]","[0.3363, 0.7833, 0.9335, 0.9355]"
2019-07-21 17:00:00,0.17,0.496,2,10532285.97389016,3,0.9025008010263804,54003.99,0,75000,"[nan, inf, inf]","[0, 52701, 74720]","[274, 1427, 804]","[0.0, 0.6461, 0.398]"
2019-07-28 17:00:00,0.055,0.488,6,8537000.184282526,4,0.7885727311423956,50602.79,0,65000,"[nan, inf, inf, inf]","[0, 46678, 57187, 65000]","[274, 578, 981, 672]","[0.0, 0.6038, 0.6086, 0.4122]"
2019-08-03 16:30:00,0.073,0.099,1,25160818.71345029,4,0.9888798701298701,42808.38,0,60000,"[1.0, 21.13, 26.41, 31.69]","[1893, 40000, 50000, 60000]","[441, 520, 704, 840]","[0.0045, 0.05, 0.0866, 0.1893]"
2019-08-25 17:00:00,0.463,0.475,5,147396531.13709715,4,0.9106236663188216,84748.5,5000,120000,"[1.0, 1.55, 2.27, 3.0]","[39719, 61384, 90008, 119278]","[498, 477, 658, 872]","[0.5382, 0.5388, 0.4802, 0.3991]"
2019-08-30 20:00:00,0.007,0.842,4,55262095.074396476,3,0.793431629131964,28221.56,0,50000,"[1.0, 658.16, 1280.9]","[36, 23846, 46409]","[276, 1452, 777]","[0.0072, 0.9511, 0.9344]"
2019-08-31 17:00:00,0.099,0.158,1,1.8572962020523986e-24,3,1.0,31045.91,0,40000,"[nan, inf, inf]","[0, 30000, 40000]","[274, 1147, 1084]","[0.0, 0.1186, 0.2408]"
2019-09-08 17:00:00,0.005,0.795,10,188674305.52077445,5,0.9188092872666698,46564.87,0,70000,"[1.0, 32.69, 38.06, 41.86, 46.79]","[1314, 42955, 50000, 55000, 61481]","[274, 269, 951, 768, 243]","[0.0036, 0.7138, 0.9243, 0.931, 0.8436]"
2019-09-25 20:00:00,0.187,0.193,5,134252176.09626466,4,0.8271113880127879,85255.49,0,120000,"[1.0, 347.32, 588.27, 776.98]","[153, 53026, 89812, 118623]","[131, 699, 771, 904]","[0.0076, 0.309, 0.2088, 0.1173]"
2019-10-01 20:00:00,0.121,0.121,25,209485264.91065437,4,0.6802628756506764,51305.39,0,90000,"[1.0, 49.76, 73.08, 116.68]","[712, 35420, 52024, 83061]","[295, 595, 867, 748]","[0.0712, 0.0908, 0.0796, 0.2139]"
2019-10-06 17:00:00,0.493,0.493,9,992414737.5347456,4,0.8998459683512356,172139.72,30000,280000,"[1.0, 1.72, 2.64, 3.93]","[70088, 120639, 185378, 275425]","[510, 618, 648, 729]","[0.8176, 0.7411, 0.304, 0.225]"
2019-10-10 19:30:00,0.049,0.97,1,120705128.20512822,4,0.8642930589038376,60299.4,0,100000,"[nan, inf, inf, inf]","[0, 43449, 70000, 100000]","[274, 925, 658, 648]","[1.0, 0.9405, 0.9787, 0.9907]"
2019-10-13 17:00:00,0.13,0.151,1,81387310.6060606,5,0.9785073980153572,63710.58,0,100000,"[nan, inf, inf, inf, inf]","[0, 28138, 50000, 80000, 100000]","[274, 282, 560, 762, 627]","[0.0, 0.234, 0.2, 0.1063, 0.1914]"
2019-10-15 20:00:00,0.029,0.854,7,48530373.560390435,4,0.6981986590402122,111229.54,0,150000,"[nan, inf, inf, inf]","[0, 81452, 115923, 143727]","[202, 403, 981, 919]","[0.0, 0.7618, 0.9541, 0.9761]"
2019-10-22 20:00:00,0.179,0.228,4,142868889.76242098,4,0.8831011126191288,80846.31,20000,120000,"[1.0, 1.49, 2.2, 2.88]","[41111, 61230, 90352, 118568]","[513, 549, 825, 618]","[0.2515, 0.2186, 0.1782, 0.2832]"
2019-10-31 20:00:00,0.013,0.802,28,188988037.06540507,5,0.9896543773354369,21980.04,0,50000,"[1.0, 218.13, 279.0, 336.16, 558.0]","[90, 19545, 25000, 30122, 50000]","[279, 165, 2017, 41, 3]","[0.0179, 0.6121, 0.9261, 0.7561, 1.0]"
2019-11-01 20:00:00,0.251,0.257,11,221549729.4648543,4,0.7441750663546512,94522.95,0,150000,"[nan, inf, inf, inf]","[0, 45258, 95963, 146206]","[274, 485, 805, 941]","[0.0, 0.3814, 0.3118, 0.221]"
2019-11-16 17:00:00,0.123,0.675,5,561162048.2152389,5,0.7138794510424021,95407.19,0,160000,"[1.0, 2.15, 3.17, 4.0, 4.77]","[32985, 70784, 104417, 132087, 157285]","[680, 504, 223, 599, 499]","[0.3779, 0.6032, 0.6816, 0.9065, 0.8737]"
2019-11-17 17:00:00,0.548,0.754,2,1121102814.8882158,5,0.9596297411938896,225401.2,5000,320000,"[1.0, 1.79, 2.72, 3.89, 4.77]","[67114, 119976, 182682, 261124, 319877]","[324, 410, 302, 534, 935]","[0.8056, 0.7854, 0.9205, 0.7697, 0.6599]"
2019-11-20 20:00:00,0.32,0.33,26,526338762.0187553,5,0.7462484317145106,135147.7,5000,200000,"[1.0, 1.89, 2.92, 3.77, 4.58]","[42827, 80747, 125054, 161429, 196032]","[313, 542, 371, 455, 824]","[0.5655, 0.4391, 0.3369, 0.1824, 0.2464]"
2019-11-26 20:00:00,0.051,0.198,10,813018554.9650303,4,0.6418112614497962,52798.4,0,100000,"[1.0, 82.22, 132.75, 182.82]","[486, 39968, 64530, 88873]","[288, 951, 756, 510]","[0.0486, 0.1609, 0.2037, 0.3451]"
2019-11-30 17:00:00,0.175,0.376,5,165798637.53591874,5,0.7140716875829556,41405.19,5000,80000,"[1.0, 1.82, 3.26, 5.15, 6.77]","[11449, 20847, 37358, 58937, 77554]","[497, 567, 422, 461, 558]","[0.2414, 0.2928, 0.1327, 0.4837, 0.6774]"
2019-12-06 20:00:00,0.295,0.302,3,166059399.67086092,5,0.9232257500179226,118846.31,0,180000,"[nan, inf, inf, inf, inf]","[0, 50402, 101006, 149105, 179487]","[274, 361, 527, 486, 857]","[0.0, 0.5263, 0.3662, 0.2325, 0.3046]"
2019-12-07 17:00:00,0.04,0.702,3,112733697.04149489,4,0.7778110787300149,50393.21,0,100000,"[1.0, 6.11, 10.63, 19.27]","[5052, 30871, 53682, 97362]","[289, 511, 1305, 400]","[0.0415, 0.9159, 0.7655, 0.7]"
2019-12-08 17:00:00,0.112,0.124,21,255063408.94747907,4,0.736748619616628,46283.43,0,100000,"[1.0, 59.35, 90.12, 133.36]","[584, 34672, 52650, 77906]","[291, 883, 734, 597]","[0.0584, 0.0747, 0.154, 0.191]"
2019-12-25 20:00:00,0.022,0.032,3,147634620.9319342,4,0.8153013338501099,41506.99,0,70000,"[1.0, 9.65, 14.47, 20.09]","[3461, 33393, 50068, 69530]","[406, 722, 888, 489]","[0.0148, 0.0208, 0.0439, 0.0389]"
2019-12-29 14:00:00,0.168,0.203,6,98962373.96817203,5,0.8303357395008039,81912.18,0,120000,"[1.0, 150.45, 224.3, 336.53, 433.89]","[274, 41218, 61452, 92200, 118874]","[73, 390, 551, 825, 666]","[0.0137, 0.2692, 0.2269, 0.1661, 0.2102]"
2019-12-31 20:00:00,0.279,0.504,22,20327298.992779285,4,0.8472972816715293,46209.58,15000,60000,"[1.0, 2.12, 3.29, 3.96]","[15000, 31806, 49291, 59404]","[130, 681, 839, 855]","[0.0308, 0.5653, 0.6162, 0.4164]"
2020-01-05 17:00:00,0.365,0.365,12,218125053.18863803,4,0.8483319875368205,114506.99,50000,160000,"[1.0, 1.74, 2.31, 3.08]","[51464, 89790, 119017, 158650]","[478, 452, 712, 863]","[0.4163, 0.4624, 0.3329, 0.3117]"
2020-01-11 17:00:00,0.503,0.657,6,165315643.93817014,4,0.9216347712476123,101664.67,10000,150000,"[1.0, 1.5, 2.01, 2.96]","[50139, 75151, 101017, 148296]","[505, 430, 757, 813]","[0.5208, 0.6093, 0.6697, 0.7565]"
2020-02-11 19:30:00,0.089,0.803,12,691267068.1484607,4,0.6523137420514411,60930.14,0,120000,"[1.0, 84.8, 142.5, 218.38]","[453, 38412, 64545, 98918]","[287, 737, 649, 832]","[0.0453, 0.7734, 0.9753, 0.9567]"
2020-02-22 17:00:00,0.124,0.383,1,274548387.0967742,5,0.9899629312802967,71540.92,0,120000,"[1.0, 12.65, 25.29, 37.94, 50.58]","[2372, 30000, 60000, 90000, 120000]","[274, 432, 387, 902, 510]","[0.0146, 0.331, 0.1395, 0.5111, 0.5843]"
2020-05-05 20:00:00,0.03,0.142,13,58582002.90412021,3,0.7297162094100984,14664.67,0,30000,"[1.0, 98.31, 179.87]","[125, 12245, 22403]","[281, 1292, 932]","[0.0249, 0.0867, 0.2543]"
2020-06-03 19:30:00,0.06,0.248,31,595702118.1889718,4,0.6201287058652374,45662.67,5000,100000,"[1.0, 1.62, 2.01, 2.46]","[28321, 45990, 57022, 69582]","[804, 869, 497, 335]","[0.2512, 0.206, 0.2636, 0.3284]"
2020-06-19 19:30:00,0.095,0.547,6,729403160.9062494,5,0.6896986520136472,56654.69,0,110000,"[1.0, 8.07, 15.47, 20.81, 26.88]","[3735, 30129, 57760, 77714, 100401]","[324, 503, 683, 608, 387]","[0.1111, 0.3082, 0.6252, 0.7599, 0.7494]"
2020-09-12 17:00:00,0.067,0.067,12,27365535.618249215,3,0.8930289713647457,108674.65,55000,130000,"[1.0, 2.01, 2.32]","[55000, 110647, 127795]","[274, 1630, 601]","[0.0401, 0.0564, 0.1065]"
2020-10-11 17:00:00,0.066,0.097,1,5.469123579468254e-24,5,0.0,26718.56,0,30000,"[nan, nan, inf, inf, inf]","[0, 0, 30000, 30000, 30000]","[154, 120, 757, 748, 726]","[0.0, 0.0, 0.1149, 0.1056, 0.1047]"
2020-10-20 19:30:00,0.077,0.321,42,130955804.96798682,4,0.7004025349397928,34668.66,0,60000,"[1.0, 54.84, 82.18, 114.65]","[484, 26566, 39811, 55541]","[289, 795, 848, 573]","[0.0519, 0.2792, 0.3597, 0.4555]"
2020-11-15 17:00:00,0.033,0.594,11,1031192585.280791,4,0.6151088036440205,96133.73,0,150000,"[1.0, 536.01, 745.77, 974.85]","[144, 77124, 107305, 140266]","[278, 638, 950, 639]","[0.0144, 0.5768, 0.6684, 0.7543]"
2020-12-19 17:00:00,0.104,0.442,3,29408583.885331433,4,0.9496174623027457,34455.09,0,50000,"[nan, inf, inf, inf]","[0, 20151, 35104, 49717]","[130, 597, 966, 812]","[0.5077, 0.4322, 0.4389, 0.4409]"
2021-01-01 19:30:00,0.146,0.232,9,32475635.190886784,3,0.817804859808459,60608.78,40000,80000,"[1.0, 1.49, 1.93]","[41039, 61343, 79322]","[698, 1121, 686]","[0.1605, 0.2667, 0.2478]"
2021-03-19 19:30:00,0.295,0.381,3,82315070.1545542,4,0.9626184205685203,86882.24,35000,120000,"[1.0, 1.4, 1.82, 2.39]","[49950, 70017, 90843, 119471]","[504, 592, 605, 804]","[0.369, 0.3581, 0.3686, 0.4154]"
2021-03-20 17:00:00,0.178,0.187,19,77437123.9806426,3,0.747288553546579,50095.81,5000,70000,"[1.0, 1.67, 2.21]","[30378, 50675, 67238]","[859, 681, 965]","[0.2293, 0.2423, 0.1109]"
2021-03-28 17:00:00,0.336,0.366,7,267413124.54472208,4,0.9007805231615423,114319.36,10000,150000,"[1.0, 1.54, 2.02, 2.51]","[59418, 91602, 119919, 149100]","[438, 487, 680, 900]","[0.395, 0.3306, 0.3426, 0.3878]"
2021-03-31 19:30:00,0.363,0.503,7,207559381.7204485,4,0.8606989297222702,109231.54,0,150000,"[nan, inf, inf, inf]","[0, 76084, 119536, 149463]","[202, 641, 787, 875]","[0.0, 0.3448, 0.6341, 0.6183]"
2021-05-25 19:30:00,0.071,0.321,5,592812741.011462,4,0.6649912621945565,49005.99,0,120000,"[1.0, 12.37, 20.81, 32.43]","[2591, 32039, 53901, 84022]","[193, 721, 1146, 445]","[0.1813, 0.147, 0.3962, 0.4719]"
2021-06-15 19:30:00,0.17,0.439,8,126494106.34893541,4,0.6752443382450121,100556.89,0,150000,"[1.0, 28.68, 45.52, 61.79]","[2372, 68032, 107979, 146589]","[274, 465, 1017, 749]","[0.0073, 0.2796, 0.5388, 0.5607]"
2021-06-24 19:30:00,0.05,0.259,17,287970105.3446822,4,0.6512597736546062,48976.05,0,80000,"[1.0, 156.53, 291.75, 387.11]","[196, 30637, 57104, 75769]","[281, 651, 884, 689]","[0.0249, 0.1505, 0.3133, 0.389]"
2021-07-29 19:30:00,0.03,0.177,9,112522016.3377345,4,0.7164896873377017,50718.56,0,90000,"[nan, inf, inf, inf]","[0, 36808, 59710, 84612]","[274, 1040, 482, 709]","[0.0, 0.0596, 0.1909, 0.4076]"
2021-08-27 19:30:00,0.056,0.412,8,202682257.78959972,4,0.6806797366743949,67351.3,0,120000,"[nan, inf, inf, inf]","[0, 36987, 67475, 110000]","[274, 521, 909, 801]","[0.0, 0.1881, 0.4763, 0.6255]"
2021-09-19 17:00:00,0.391,0.501,4,91386370.39531839,4,0.9749378904276506,77854.29,5000,110000,"[1.0, 1.5, 2.01, 2.74]","[39931, 59975, 80257, 109606]","[505, 595, 505, 900]","[0.4772, 0.4387, 0.4257, 0.5967]"
2021-09-21 19:30:00,0.257,0.423,2,137746870.96196157,4,0.9080261469393717,76938.12,10000,110000,"[1.0, 1.71, 2.28, 3.12]","[35039, 59832, 79937, 109368]","[507, 597, 475, 926]","[0.3156, 0.2948, 0.3284, 0.6123]"
2021-09-22 19:30:00,0.278,0.444,2,139824660.16079393,4,0.9190457754890111,76189.62,10000,110000,"[1.0, 1.64, 2.19, 2.99]","[36616, 59979, 80041, 109372]","[628, 471, 483, 923]","[0.3344, 0.3461, 0.3623, 0.6111]"
2021-10-01 19:30:00,0.167,0.485,10,138239405.13812762,4,0.7486569933375072,103690.62,0,150000,"[nan, inf, inf, inf]","[0, 76459, 118849, 146918]","[274, 699, 669, 863]","[0.0, 0.2947, 0.6413, 0.6732]"
2021-10-13 19:30:00,0.088,0.099,5,175290204.8547718,4,0.7329786314594261,84185.63,40000,120000,"[1.0, 1.48, 2.21, 2.81]","[42071, 62287, 92945, 118054]","[548, 446, 730, 781]","[0.1204, 0.0964, 0.0616, 0.1204]"
2021-10-24 17:00:00,0.191,0.301,6,650954576.5745246,5,0.8034470213347223,66433.13,0,120000,"[1.0, 36.98, 68.52, 101.65, 135.23]","[867, 32053, 59385, 88100, 117201]","[300, 487, 537, 679, 502]","[0.0867, 0.2341, 0.2756, 0.3314, 0.4781]"
2021-10-26 19:30:00,0.457,0.489,2,39373794.702536196,4,0.9933885429110063,93772.46,5000,130000,"[1.0, 1.41, 2.01, 2.61]","[49753, 70000, 100131, 129978]","[506, 589, 495, 915]","[0.4862, 0.4907, 0.4889, 0.4885]"
2021-10-27 19:30:00,0.248,0.313,8,168120199.9770779,4,0.7883201509283495,87187.62,10000,130000,"[1.0, 1.63, 2.32, 2.96]","[43292, 70728, 100431, 128228]","[559, 749, 441, 756]","[0.3059, 0.2937, 0.1973, 0.4048]"
2021-10-28 19:30:00,0.197,0.54,4,199647226.353155,5,0.8927601097541548,107421.16,0,150000,"[nan, inf, inf, inf, inf]","[0, 60618, 91496, 119692, 148350]","[144, 429, 381, 763, 788]","[0.0, 0.3543, 0.5879, 0.6474, 0.6117]"
2021-10-29 19:30:00,0.066,0.356,6,324326837.0240735,4,0.6722314799158097,51958.08,0,100000,"[1.0, 30.03, 59.75, 99.53]","[959, 28794, 57296, 95435]","[146, 1041, 675, 643]","[0.5, 0.2939, 0.403, 0.3733]"
2021-11-11 19:30:00,0.075,0.335,5,174588875.15080884,4,0.7345528600275774,68638.72,0,100000,"[nan, inf, inf, inf]","[0, 45669, 77963, 97572]","[144, 777, 923, 661]","[0.0, 0.269, 0.3532, 0.4599]"
2021-11-13 17:00:00,0.05,0.465,8,278649894.7679904,4,0.7376786127707817,81105.79,0,150000,"[nan, inf, inf, inf]","[0, 56901, 97504, 143899]","[274, 997, 671, 563]","[0.0, 0.4383, 0.5797, 0.6039]"
2021-11-21 17:00:00,0.081,0.086,1,-0.0,3,1.0,9049.9,0,10000,"[nan, inf, inf]","[0, 5000, 10000]","[202, 72, 2231]","[0.0, 0.125, 0.0928]"
2021-11-24 19:30:00,0.032,0.617,12,249389196.21766743,4,0.6660749513760359,53287.43,0,100000,"[1.0, 199.49, 329.27, 472.53]","[196, 39046, 64448, 92489]","[281, 891, 879, 454]","[0.2811, 0.6431, 0.6598, 0.6916]"
2021-11-28 17:00:00,0.04,0.072,3,157568768.52722338,4,0.7701558451007463,105584.83,0,130000,"[nan, inf, inf, inf]","[0, 75721, 101730, 121837]","[130, 208, 760, 1407]","[0.0, 0.0913, 0.1171, 0.0512]"
2021-11-30 19:30:00,0.022,0.617,2,379801356.31150657,4,0.8395676051164127,87499.0,0,150000,"[nan, inf, inf, inf]","[0, 70138, 104349, 149961]","[274, 1090, 622, 519]","[0.6788, 0.5752, 0.6222, 0.6667]"
2021-12-18 17:00:00,0.106,0.427,5,41613055.89926949,3,0.803757207800637,60708.58,40000,80000,"[1.0, 1.51, 1.86]","[40360, 60945, 75062]","[694, 841, 970]","[0.2334, 0.3674, 0.6175]"
2021-12-19 17:00:00,0.135,0.613,1,56791443.85026739,3,0.7565826330788015,76019.96,0,110000,"[nan, inf, inf]","[0, 63464, 99245]","[274, 866, 1365]","[0.0, 0.5716, 0.7619]"
2022-01-01 17:00:00,0.285,0.291,2,375117080.50248617,4,0.9337286785969175,159333.33,60000,220000,"[1.0, 1.98, 2.78, 3.58]","[61142, 121307, 170016, 218821]","[486, 436, 612, 971]","[0.3704, 0.3624, 0.3742, 0.1679]"
2022-01-02 17:00:00,0.305,0.312,7,598558977.2079294,4,0.8647766055224634,158770.46,60000,220000,"[1.0, 1.97, 2.76, 3.51]","[61856, 122162, 170691, 216952]","[485, 458, 586, 976]","[0.4887, 0.3865, 0.3311, 0.1773]"
2022-01-06 19:30:00,0.378,0.485,19,114856100.04959688,4,0.8293398245564685,85782.44,5000,110000,"[1.0, 1.39, 1.76, 2.14]","[50994, 70701, 89819, 109016]","[473, 471, 662, 899]","[0.4503, 0.3885, 0.4713, 0.5651]"
2022-03-06 17:00:00,0.099,0.591,1,143300000.0,5,1.0,80375.25,0,120000,"[nan, inf, inf, inf, inf]","[0, 40000, 70000, 100000, 120000]","[274, 383, 400, 787, 661]","[0.0, 0.2507, 0.475, 0.8119, 0.8411]"
2022-03-18 19:30:00,0.006,0.153,1,49999999.99999999,4,0.9840319361277445,28790.42,0,50000,"[1.0, 8.43, 12.65, 21.08]","[2372, 20000, 30000, 50000]","[274, 262, 1611, 358]","[0.0036, 0.0115, 0.175, 0.2709]"
2022-04-06 19:30:00,0.287,0.447,2,110115088.59228453,4,0.9546593255313943,90720.56,35000,120000,"[1.0, 1.71, 2.45, 2.94]","[40685, 69762, 99526, 119720]","[460, 462, 654, 929]","[0.2826, 0.342, 0.4037, 0.6103]"
2022-05-08 17:00:00,0.339,0.346,2,164364435.10139698,4,0.9553823596068545,95345.31,25000,130000,"[1.0, 1.42, 2.0, 2.59]","[49962, 70854, 100028, 129398]","[399, 562, 705, 839]","[0.3935, 0.3559, 0.4199, 0.2539]"
2022-05-21 17:00:00,0.429,0.5,28,73133127.18090966,4,0.8403704625520217,66363.27,5000,90000,"[1.0, 1.63, 2.3, 2.96]","[30089, 49007, 69148, 89015]","[337, 549, 751, 868]","[0.5727, 0.3989, 0.4141, 0.6094]"
2022-06-09 19:30:00,0.101,0.107,4,76778236.95027192,4,0.8607773600390446,51359.28,0,80000,"[nan, inf, inf, inf]","[0, 41087, 59831, 78642]","[274, 934, 623, 674]","[0.0, 0.0953, 0.0963, 0.1766]"
2022-06-21 19:30:00,0.151,0.294,24,92785670.70760712,3,0.7019173190344438,44864.27,0,70000,"[1.0, 5.74, 9.25]","[7117, 40853, 65842]","[274, 1459, 772]","[0.0365, 0.218, 0.5285]"
2022-06-22 19:30:00,0.091,0.638,1,37391304.347826086,5,0.9767257599496348,74914.17,0,110000,"[nan, inf, inf, inf, inf]","[0, 51163, 70000, 90000, 110000]","[144, 559, 654, 650, 498]","[0.0, 0.1467, 0.789, 0.8831, 0.8574]"
2022-06-30 19:30:00,0.116,0.557,13,87639558.10652988,4,0.6699924405818681,55129.74,0,90000,"[nan, inf, inf, inf]","[0, 35953, 58472, 84702]","[274, 598, 828, 805]","[0.0, 0.301, 0.6063, 0.887]"
2022-07-10 17:00:00,0.281,0.324,6,250437200.04159847,4,0.8968401775834658,86081.84,10000,120000,"[1.0, 1.51, 2.25, 3.01]","[39684, 59956, 89373, 119452]","[507, 338, 766, 894]","[0.2623, 0.2101, 0.3642, 0.3669]"
2022-07-15 19:30:00,0.314,0.322,6,776583765.7465824,4,0.769240710897032,146411.18,10000,250000,"[1.0, 2.34, 3.68, 5.01]","[49010, 114817, 180577, 245429]","[672, 600, 581, 652]","[0.5476, 0.2883, 0.117, 0.3021]"
2022-07-16 17:00:00,0.232,0.721,10,135904762.3629944,4,0.7121730993571413,58668.66,10000,100000,"[1.0, 2.0, 2.92, 3.6]","[27123, 54259, 79327, 97763]","[737, 837, 513, 418]","[0.4464, 0.8053, 0.8226, 0.9091]"
2022-07-17 17:00:00,0.224,0.503,1,54210526.315789476,4,1.0,66303.39,0,90000,"[nan, inf, inf, inf]","[0, 50000, 70000, 90000]","[274, 375, 985, 871]","[0.0, 0.76, 0.6487, 0.3846]"
2022-07-21 20:00:00,0.084,0.277,24,874374776.1115952,4,0.6737837360059079,46896.21,0,100000,"[1.0, 22.34, 31.34, 49.28]","[1609, 35955, 50429, 79302]","[174, 1010, 827, 494]","[0.1724, 0.1267, 0.2261, 0.7045]"
2022-08-20 17:00:00,0.27,0.3,2,9269239.283620566,4,0.9792911969889109,58518.96,25000,75000,"[1.0, 1.8, 2.2, 2.99]","[25000, 45050, 55036, 74720]","[130, 600, 829, 946]","[0.0538, 0.25, 0.3836, 0.2918]"
2022-08-24 19:30:00,0.045,0.305,1,312878787.8787879,4,0.876042766706815,58275.45,0,120000,"[nan, inf, inf, inf]","[0, 36629, 80000, 120000]","[274, 1050, 855, 326]","[0.0, 0.2467, 0.3661, 0.589]"
2022-08-30 19:30:00,0.432,0.672,5,105595867.53727393,4,0.9224772316784217,82550.9,10000,120000,"[1.0, 2.01, 3.0, 3.95]","[30088, 60578, 90401, 118975]","[457, 562, 623, 863]","[0.6105, 0.6423, 0.6164, 0.7636]"
2022-09-07 19:30:00,0.337,0.358,17,72853528.55989483,4,0.8120420943242053,86960.08,30000,120000,"[1.0, 1.43, 1.85, 2.37]","[50323, 71764, 92944, 119020]","[495, 635, 625, 750]","[0.3717, 0.2205, 0.1904, 0.6053]"
2022-09-09 19:30:00,0.17,0.182,9,279319603.53356886,4,0.7822411916342455,111714.57,50000,160000,"[1.0, 1.69, 2.39, 3.14]","[50197, 85019, 120211, 157726]","[279, 781, 759, 686]","[0.4301, 0.096, 0.1252, 0.2405]"
2022-09-10 17:00:00,0.27,0.279,4,662566137.3452078,5,0.7696111574695726,92395.21,0,170000,"[1.0, 5.42, 8.96, 14.07, 18.11]","[9238, 50058, 82785, 129978, 167266]","[341, 775, 307, 453, 629]","[0.2023, 0.3871, 0.4007, 0.1435, 0.2273]"
2022-09-15 20:00:00,0.025,0.833,1,23809523.80952381,4,1.0,40403.19,0,70000,"[nan, inf, inf, inf]","[0, 30000, 50000, 70000]","[274, 1066, 616, 549]","[0.0, 0.9503, 0.9075, 0.9381]"
2022-09-25 17:00:00,0.172,0.604,20,187611074.9484152,4,0.6776656682778077,98670.66,0,150000,"[nan, inf, inf, inf]","[0, 74181, 112573, 144071]","[274, 678, 853, 700]","[0.0, 0.2906, 0.8265, 0.8743]"
2022-10-04 19:30:00,0.104,0.495,5,147083977.33367682,5,0.8095978393464717,96125.75,0,150000,"[nan, inf, inf, inf, inf]","[0, 62579, 92169, 120393, 148472]","[274, 444, 567, 726, 494]","[0.0, 0.3333, 0.4356, 0.5289, 0.9332]"
2022-10-08 17:00:00,0.016,0.465,2,67132900.6069906,4,0.7876452848897653,27007.98,0,50000,"[nan, inf, inf, inf]","[0, 21959, 30515, 46850]","[274, 901, 884, 446]","[0.0, 0.404, 0.457, 0.8901]"
2022-10-09 17:00:00,0.077,0.104,1,12631578.947368423,4,0.9876817792985456,62311.38,0,90000,"[1.0, 10.54, 14.75, 18.97]","[4745, 50000, 70000, 90000]","[274, 1001, 298, 932]","[0.0073, 0.035, 0.0369, 0.2275]"
2022-10-11 19:30:00,0.226,0.232,27,106496536.03382728,5,0.6957759274958542,52251.5,0,90000,"[1.0, 19.74, 32.48, 44.75, 56.11]","[1579, 31167, 51282, 70656, 88589]","[171, 870, 515, 389, 560]","[0.1579, 0.1345, 0.1553, 0.1671, 0.5232]"
2022-10-20 20:00:00,0.01,0.876,6,153251802.44848317,4,0.6671445422658153,55994.01,0,100000,"[nan, inf, inf, inf]","[0, 41102, 63979, 92500]","[274, 699, 1058, 474]","[0.0, 0.9814, 0.9783, 1.0]"
2022-10-25 19:30:00,0.233,0.481,3,72630991.00939511,4,0.8499128976697152,83385.23,0,120000,"[1.0, 13.42, 20.96, 25.21]","[4745, 63683, 99429, 119625]","[274, 820, 665, 746]","[0.0036, 0.4744, 0.4241, 0.7158]"
2022-10-29 17:00:00,0.182,0.713,25,143737299.3567209,5,0.7398858204799145,58742.51,0,110000,"[1.0, 13.47, 22.9, 33.75, 44.64]","[2372, 31963, 54323, 80056, 105901]","[274, 680, 495, 540, 516]","[0.0109, 0.7059, 0.9111, 0.7333, 0.8837]"
2022-10-30 17:00:00,0.371,0.379,3,97405604.61832161,4,0.9387046452717916,74487.03,5000,100000,"[1.0, 1.5, 2.01, 2.51]","[39762, 59668, 79987, 99696]","[547, 377, 775, 806]","[0.4296, 0.3024, 0.4465, 0.3151]"
2022-11-06 17:00:00,0.063,0.451,10,294023469.1715297,5,0.687183306672828,68275.45,0,150000,"[nan, inf, inf, inf, inf]","[0, 34907, 71104, 104986, 140968]","[274, 911, 480, 370, 470]","[0.0, 0.4501, 0.6167, 0.4784, 0.5255]"
2022-11-13 17:00:00,0.22,0.551,14,145646596.40276068,4,0.7015220150346875,76508.98,0,120000,"[1.0, 18.84, 34.55, 48.58]","[2372, 44702, 81966, 115237]","[274, 403, 1132, 696]","[0.0036, 0.4045, 0.576, 0.8103]"
2022-11-15 19:30:00,0.316,0.325,7,467666940.63021576,5,0.8353635232431683,103301.4,10000,170000,"[1.0, 3.09, 5.14, 8.07, 10.37]","[16210, 50081, 83358, 130877, 168094]","[124, 804, 338, 536, 703]","[0.5, 0.4266, 0.3521, 0.1828, 0.2745]"
2022-11-19 17:00:00,0.19,0.392,28,972755746.3864073,4,0.6302796059525786,64884.23,0,110000,"[1.0, 14.68, 19.52, 28.85]","[3447, 50597, 67260, 99435]","[206, 611, 1148, 540]","[0.301, 0.2815, 0.3267, 0.6907]"
2022-11-27 17:00:00,0.122,0.145,1,51225806.451612905,4,1.0,61506.99,0,85000,"[nan, inf, inf, inf]","[0, 45000, 65000, 85000]","[274, 427, 924, 880]","[0.0, 0.1124, 0.1861, 0.1614]"
2022-11-30 19:30:00,0.491,0.544,50,252317.72917603125,3,0.003992015968063872,9980.04,5000,10000,"[1.0, 2.0, 2.0]","[5000, 10000, 10000]","[10, 1223, 1272]","[1.0, 0.5421, 0.5417]"
2022-12-01 20:00:00,0.23,0.238,4,272268431.30697256,3,0.7115431481810853,61928.14,0,120000,"[1.0, 3.59, 6.52]","[17211, 61727, 112129]","[882, 834, 789]","[0.39, 0.1403, 0.1724]"
2022-12-04 17:00:00,0.224,0.471,2,12100930.379863042,3,0.8442143039134424,54544.91,0,75000,"[1.0, 5.44, 7.85]","[9489, 51613, 74450]","[274, 1404, 827]","[0.0036, 0.562, 0.4728]"
2022-12-08 19:30:00,0.481,0.568,5,77390190.57221232,5,0.9004206581671818,72880.24,5000,100000,"[1.0, 8.42, 11.93, 15.93, 19.89]","[5000, 42102, 59627, 79661, 99457]","[130, 364, 509, 664, 838]","[0.0231, 0.489, 0.5776, 0.5346, 0.7088]"
2022-12-10 17:00:00,0.198,0.861,3,20515029.545249015,4,0.9169387248699088,32990.02,0,50000,"[1.0, 4.26, 7.37, 10.48]","[4745, 20190, 34967, 49711]","[274, 552, 900, 779]","[0.5328, 0.8714, 0.9033, 0.9204]"
2022-12-11 17:00:00,0.189,0.852,11,18388940.712474752,4,0.8178498497605059,32530.94,0,50000,"[1.0, 4.4, 7.41, 10.39]","[4745, 20897, 35157, 49318]","[274, 591, 921, 719]","[0.5292, 0.8579, 0.9077, 0.8999]"
2022-12-18 17:00:00,0.133,0.639,7,45823410.22700338,4,0.8481806654958359,71263.47,0,90000,"[nan, inf, inf, inf]","[0, 51386, 71359, 89519]","[144, 404, 960, 997]","[0.0, 0.255, 0.8135, 0.7182]"
2022-12-20 19:30:00,0.322,0.889,50,339221976.511917,4,0.6824609047766879,58313.37,5000,100000,"[1.0, 2.04, 2.9, 3.64]","[26464, 53883, 76635, 96315]","[895, 573, 425, 612]","[0.8235, 0.9092, 0.9435, 0.9281]"
2022-12-22 19:30:00,0.452,0.459,11,645400905.4134924,4,0.8290306002349361,132942.12,10000,200000,"[1.0, 1.81, 2.69, 3.55]","[55636, 100615, 149839, 197484]","[621, 439, 652, 793]","[0.6023, 0.4533, 0.546, 0.2774]"
2022-12-31 17:00:00,0.391,0.398,43,303023479.2105869,4,0.7005002118404939,68832.34,10000,120000,"[1.0, 2.94, 4.22, 5.44]","[21417, 62929, 90316, 116402]","[748, 630, 553, 574]","[0.6176, 0.3952, 0.2152, 0.2892]"
2023-01-04 19:30:00,0.025,0.864,1,260952380.95238099,4,0.8711919811852364,63441.12,0,100000,"[nan, inf, inf, inf]","[0, 30000, 65790, 100000]","[274, 348, 1164, 719]","[0.0, 0.9626, 0.9605, 0.9889]"
2023-01-05 19:30:00,0.333,0.368,3,113909009.10049966,4,0.7922573217503224,84223.55,0,120000,"[nan, inf, inf, inf]","[0, 44132, 82813, 119577]","[144, 432, 1054, 875]","[0.0, 0.2731, 0.4279, 0.4023]"
2023-01-06 19:30:00,0.383,0.648,3,105842492.3899589,4,0.8949551922097593,80153.69,0,120000,"[1.0, 3.76, 5.58, 7.4]","[16160, 60821, 90126, 119654]","[500, 463, 676, 866]","[0.294, 0.6436, 0.7988, 0.7379]"
2023-01-15 17:00:00,0.313,0.476,3,226019347.75278035,4,0.8226920501020266,77988.02,0,120000,"[1.0, 7.07, 12.13, 14.57]","[8223, 58167, 99743, 119799]","[273, 1034, 526, 672]","[0.1502, 0.1925, 0.5722, 0.9702]"
2023-02-10 19:30:00,0.131,0.608,7,651632261.3095809,4,0.6919854709756775,58862.28,0,130000,"[1.0, 11.21, 19.49, 40.24]","[3065, 34360, 59732, 123336]","[385, 695, 839, 586]","[0.2104, 0.5827, 0.621, 0.8805]"
2023-03-07 19:30:00,0.105,0.846,14,37404791.16204782,4,0.7209352666497952,66091.82,0,120000,"[nan, inf, inf, inf]","[0, 54402, 76659, 116274]","[274, 986, 829, 416]","[0.0, 0.9533, 0.9747, 0.8942]"
2023-03-18 17:00:00,0.142,0.398,3,32159345.76699717,4,0.9281354931635474,60744.51,0,85000,"[nan, inf, inf, inf]","[0, 44439, 64892, 84598]","[144, 686, 1016, 659]","[0.0, 0.2274, 0.5069, 0.4947]"
2023-03-26 17:00:00,0.042,0.481,9,19941606.452095963,4,0.7809444705835636,15824.35,0,30000,"[nan, inf, inf, inf]","[0, 10000, 17495, 28307]","[274, 656, 1064, 511]","[0.0, 0.4116, 0.4953, 0.7965]"
2023-04-01 17:00:00,0.02,0.662,13,295465530.6327459,3,0.696296628640995,62327.35,0,100000,"[nan, inf, inf]","[0, 57185, 90115]","[274, 1364, 867]","[0.5255, 0.6356, 0.7474]"
2023-04-16 17:00:00,0.077,0.098,3,42075042.6629885,4,0.8826358423676867,72139.72,0,95000,"[nan, inf, inf, inf]","[0, 50530, 75103, 94467]","[144, 557, 922, 882]","[0.0, 0.0934, 0.1128, 0.1009]"
2023-04-26 19:30:00,0.015,0.349,3,567539654.9204004,4,0.6722668814574535,43718.56,0,80000,"[1.0, 27.22, 42.0, 53.59]","[1104, 30050, 46368, 59156]","[308, 300, 943, 954]","[0.0682, 0.35, 0.3955, 0.392]"
2023-05-09 19:30:00,0.541,0.618,45,183033992.73374897,4,0.8047558078477695,82706.59,40000,110000,"[1.0, 1.66, 2.16, 2.57]","[42526, 70424, 91664, 109384]","[570, 401, 739, 795]","[0.6158, 0.5237, 0.5074, 0.7711]"
2023-05-21 17:00:00,0.308,0.766,48,419802200.86583835,5,0.6631622723216366,52954.09,0,90000,"[1.0, 19.68, 37.7, 53.14, 67.27]","[1282, 25227, 48324, 68105, 86221]","[316, 440, 370, 863, 516]","[0.1329, 0.6182, 0.827, 0.9328, 0.9554]"
2023-05-23 19:30:00,0.565,0.678,1,75365500.21468441,4,1.0,81125.75,30000,110000,"[1.0, 2.0, 3.0, 3.67]","[30000, 60000, 90000, 110000]","[438, 469, 692, 906]","[0.5023, 0.6354, 0.7428, 0.7351]"
2023-06-01 19:30:00,0.365,0.372,8,506766071.97967684,5,0.7625972678910834,102167.66,0,180000,"[1.0, 7.44, 11.17, 17.8, 22.59]","[7842, 58354, 87621, 139604, 177141]","[322, 577, 538, 442, 626]","[0.3043, 0.4194, 0.3327, 0.2557, 0.4776]"
2023-06-06 19:30:00,0.179,0.657,3,105007208.52519767,5,0.7243535896713728,51363.27,0,80000,"[1.0, 5.19, 8.94, 11.7, 14.71]","[5407, 28041, 48337, 63289, 79527]","[135, 748, 469, 456, 697]","[0.6963, 0.4612, 0.5565, 0.7719, 0.8537]"
